{"cameraMode":{"drawMode":0,"name":"Shaded","section":"Shading Mode"},"sceneLighting":false,"audioPlay":false,"sceneViewState":{"m_AlwaysRefresh":false,"showFog":true,"showSkybox":true,"showFlares":true,"showImageEffects":true,"showParticleSystems":true,"showVisualEffectGraphs":true,"m_FxEnabled":true},"in2DMode":false,"pivot":{"x":0.010029918514192105,"y":0.752654492855072,"z":1.6719307899475098},"rotation":{"x":0.5429107546806336,"y":0.0025199907831847669,"z":-0.0016277609393000603,"w":0.839790940284729},"size":5.467310428619385,"orthographic":true}